Product_Name,Product_Price,Product_Reviews,Product_Quantity,Product_Ratings,Original_Price
 , , , , , 
 , , , , , 
 , , , , , 
 , , , , , 
"jaspo Soft Touch Recreational pu Leather Volleyball with Hand Air Pump, Machine Stitched Volleyball Waterproof Indoor/Outdoor Size:5 (Next to Fun, Black/White)",329,Check each product page for other buying options. Price and other details may vary based on product size and colour.,100+ bought in past month,3.6 out of 5 stars,₹329
"jaspo Soft Touch Recreational pu Leather Volleyball with Hand Air Pump, Machine Stitched Volleyball Waterproof Indoor/Outdoor Size:5 (Next to Fun, Black/White)",449,20,100+ bought in past month,3.6 out of 5 stars,₹699
BOLT Volleyball Twister/Rubberized Moulded/Suitable for Outdoor and Indoor Surfaces/for Men Women and Kids/Color Yellow Blue Size-4,349,M.R.P:,M.R.P:, ,₹999
XCELERATE SPORTS Volleyball Official Size 5 Waterproof Soft Sand Volley Balls for Beginners Adults Men Women Indoor Outdoor Pool Beach Gym Game Training Competition Play Gift (1 Pack),449,1,M.R.P:,5.0 out of 5 stars,₹899
"Nivia Crater Volleyball with Ball Pump Volleyball - Size: 4 (Pack of 2, Yellow/Blue)",498,"4,233",600+ bought in past month,3.7 out of 5 stars,₹814
"NIVIA Spikester (Encounter) 494 Polypropylene Volleyball, Size - 4 (Multicolour)",730,"1,719",1K+ bought in past month,3.9 out of 5 stars,₹899
"Nivia Rubber Kross Rubber Hand Stitched Volleyball, Size 4, (Yellow and Blue)",499,"5,222",300+ bought in past month,3.8 out of 5 stars,₹695
 ,"1,388","5,807",50+ bought in past month,4.3 out of 5 stars,"₹2,399"
 , , , , , 
 ,"1,388","5,807",50+ bought in past month,4.3 out of 5 stars,"₹2,399"
"Vector X Spike Rubber Vollyball (Color : Multicolour, Size : 4) (Volleyball+Pump)",389,"1,539",700+ bought in past month,3.6 out of 5 stars,₹695
Volleyball with Pump - Size: 4 (Multi-Colour) (Volley/Pump),249,M.R.P:,M.R.P:, ,₹599
"Cosco Super Volley Volleyball, Size 4 (Multicolour) (15002)","1,199",797,200+ bought in past month,3.9 out of 5 stars,"₹1,480"
"jaspo Soft Touch Recreational pu Leather Volleyball with Hand Air Pump, Machine Stitched Volleyball Waterproof Indoor/Outdoor Size:5 (Next to Fun, Black/White)",449,20,100+ bought in past month,3.6 out of 5 stars,₹699
Nivia Volleyball/Rubberized Moulded/Suitable for Indoor/Outdoor Surfaces/for Men/Women/Size - 4 (Yellow),349,192,50+ bought in past month,3.8 out of 5 stars,₹399
XCELERATE SPORTS Volleyball Official Size 5 Waterproof Soft Sand Volley Balls for Beginners Adults Men Women Indoor Outdoor Pool Beach Gym Game Training Competition Play Gift (1 Pack),449,1,M.R.P:,5.0 out of 5 stars,₹899
"SPARTAN Approved by VFI Super Volley Leather Volleyball - Size 4, Yellow","1,150",154,50+ bought in past month,3.9 out of 5 stars,"₹1,650"
"SPARTAN Pro Volleyball, Size 4, Genuine Leather Dotted Surface, 8-Panel, Lightweight, Waterproof, Perfect for Training, Match, Practicing, Beach Play, and All-Season (Best for New Experience)","1,149",7,M.R.P:,3.6 out of 5 stars,"₹1,750"
Play Nation Premium Volleyball for Boys & Girls | Outdoor Training Volleyball Size 4 |Diameter 20.8cm | Birthday Gift | BIS Certified | 5+ Years (Black & Yellow),419,6,M.R.P:,2.4 out of 5 stars,₹899
Vector X Glider Volleyball/Rubberized Moulded/Suitable for Indoor/Outdoor Surfaces/for Men/Women/Kids Rubber Material/Training Ball/Match Ball/Color - Yellow /- Size - 4,321.,34,M.R.P:,3.6 out of 5 stars,₹899
Nivia Electric Volleyball/Beach Volleyball/Rubber Moulded Volleyball/for Indoor/Outdoor/for Men/Women Size - 4 (Multicolor) with Ball Pump,422.,15,100+ bought in past month,3.9 out of 5 stars,₹211.46
HTM Volleyball - Size: 4 (Multi Colour),289,4,M.R.P:,2.9 out of 5 stars,₹599
"Cosco Rubber Premier Volley Ball, Size 4, Multicolour",640,87,M.R.P:,3.8 out of 5 stars,₹800
Nivia Storm Football | Rubberized Moulded | Suitable for Hard Ground Without Grass | Training Ball | Soccer Ball | for Men/Women | Football Size - 5 (White),349,"47,183",5K+ bought in past month,3.9 out of 5 stars,₹726
Cosco Gold Star Volley Ball,849,28,M.R.P:,4.3 out of 5 stars,₹960
"Cosco Shot Volleyball, 4",455,"1,719",100+ bought in past month,3.6 out of 5 stars,₹620
"Cosco 15010 Rubber Volley Ball, Size 4, (Multicolour)",699,332,M.R.P:,4.0 out of 5 stars,₹900
"Nivia VB-492 Spot Volleyball, Size 4, Rubber, Multicolour","1,190",709,100+ bought in past month,4.0 out of 5 stars,"₹1,620"
Nivia 472 Rubber Volley Ball - Size: 4 (Yellow & Blue),519,270,M.R.P:,3.9 out of 5 stars,₹730
"Nivia G-2020 Rubber Volleyball, (Yellow and Blue) Standard Size",845,"1,603",100+ bought in past month,3.9 out of 5 stars,"₹1,160"
Cosco Serve Volleyball Multicolour Size 4 (15031),684,41,M.R.P:,3.4 out of 5 stars,₹800
"GRS Hand Stiched Rubber VOLLYBALL Size-4 (Multicolour, Ball+ Free AIR Pump, Volleyball)",339,440,50+ bought in past month,3.4 out of 5 stars,₹799
Nivia Encounter (PU Pasted) Volleyball,725,151,50+ bought in past month,4.0 out of 5 stars,₹899
"Nivia Combo Spikester Volleyball with Ball Pump (Yellow/Blue, Size - 4)",899,1,(₹449.50₹449.50/count),5.0 out of 5 stars,₹449.50
Vector X ST-200 Rubberized Pasted 18 Panel Volleyball (Size-4),999,27,M.R.P:,3.7 out of 5 stars,"₹1,209"
Vector X Octane Pu Pasted Japanes Microfiber PU 18 Pannels Premium Match Volleyball,"2,229",1,M.R.P:,5.0 out of 5 stars,"₹2,805"
Vector X ST-100 Soft Touch PU Pasted 18 Panel Volleyball (Size-4),939,14,M.R.P:,3.7 out of 5 stars,"₹1,280"
 ,799,80,50+ bought in past month,4.1 out of 5 stars,₹999
 , , , , , 
 ,799,80,50+ bought in past month,4.1 out of 5 stars,₹999
 , ,or, , , 
 , ,Delivery Day, ,4 Stars & Up, 
